{"cameraMode":{"drawMode":0,"name":"Shaded","section":"Shading Mode"},"sceneLighting":false,"audioPlay":false,"sceneViewState":{"showFog":true,"showMaterialUpdate":false,"showSkybox":true,"showFlares":true,"showImageEffects":true,"showParticleSystems":true},"in2DMode":false,"pivot":{"x":0.24390003085136414,"y":0.3118000030517578,"z":0.26361221075057986},"rotation":{"x":0.06485559791326523,"y":-0.5054744482040405,"z":0.03813927248120308,"w":0.8595550060272217},"size":4.916693687438965,"orthographic":false}