{"cameraMode":{"drawMode":0,"name":"Shaded","section":"Shading Mode"},"sceneLighting":false,"audioPlay":false,"sceneViewState":{"showFog":true,"showMaterialUpdate":false,"showSkybox":true,"showFlares":true,"showImageEffects":true,"showParticleSystems":true},"in2DMode":false,"pivot":{"x":0.24390003085136414,"y":0.3118000030517578,"z":0.26361221075057986},"rotation":{"x":0.01795198768377304,"y":-0.9569785594940186,"z":0.06066720187664032,"w":0.28317707777023318},"size":4.916693687438965,"orthographic":false}